Last_Name,First_Name,Gross_Pay,EMail
Doe,John,400.0,jdoe@gm.com
Smith,Jane,900.0,jsmith@gm.com
Wright,William,1402.5,wwright@gm.com
Hamil,Mark,1310.0,mhamil@gm.com
Davies,Mary,1781.25,mdavies@gm.com
Michales,Sue,820.0,smichales@gm.com
Maddon,Joe,1487.5,jmaddon@gm.com
Bellinger,Corey,780.0,cbellinger@gm.com
Sneed,Sam,1510.5,ssneed@gm.com
White,Betty,1120.0,bwhite@gm.com
